{
  "experiment": "phase2_interference",
  "synthetic": true,
  "same_mean": 0.8285501009225845,
  "cross_mean": 0.004041957072913647,
  "mann_whitney_stat": 0.0,
  "p_value": 1.2810718345817004e-34,
  "thresholds": {
    "cross_threshold": 0.2,
    "same_threshold": 0.4,
    "p_value_threshold": 0.01
  },
  "passed": true,
  "same_scores": [
    0.9613628387451172,
    0.885490894317627,
    0.8228742480278015,
    0.7694036364555359,
    0.6751726269721985,
    0.7409008741378784,
    0.7264949679374695,
    0.7930029034614563,
    0.8222986459732056,
    0.8117736577987671,
    0.7752479314804077,
    0.8116414546966553,
    0.8299170136451721,
    0.8230541348457336,
    0.8400402665138245,
    0.7650878429412842,
    0.8365284204483032,
    0.8089711666107178,
    0.7789674997329712,
    0.8312413692474365,
    0.8430372476577759,
    0.8323276042938232,
    0.8580533266067505,
    0.8301206231117249,
    0.8268038630485535,
    0.8208009600639343,
    0.7845004796981812,
    0.9038332104682922,
    0.8264015913009644,
    0.8017590045928955,
    0.8464648723602295,
    0.85263991355896,
    0.8592213988304138,
    0.8469404578208923,
    0.8965142369270325,
    0.8487890362739563,
    0.8601671457290649,
    0.8851889967918396,
    0.8107417821884155,
    0.8694058656692505,
    0.8128598928451538,
    0.7901084423065186,
    0.8388471603393555,
    0.8154944777488708,
    0.8450897932052612,
    0.8549432754516602,
    0.8161540031433105,
    0.8427215814590454,
    0.7575463652610779,
    0.8718835115432739,
    0.8179713487625122,
    0.8103243112564087,
    0.8446364402770996,
    0.8798856735229492,
    0.8755269646644592,
    0.8571799993515015,
    0.8240480422973633,
    0.8516466617584229,
    0.8035392761230469,
    0.760891318321228,
    0.7996837496757507,
    0.7701704502105713,
    0.8178396224975586,
    0.8027853965759277,
    0.8247932195663452,
    0.8044714331626892,
    0.8403415083885193,
    0.8532191514968872,
    0.797845721244812,
    0.833782434463501,
    0.831596314907074,
    0.8125177621841431,
    0.8488608598709106,
    0.8201865553855896,
    0.8365606665611267,
    0.8693981170654297,
    0.8496382236480713,
    0.8725820779800415,
    0.8993619084358215,
    0.8360932469367981,
    0.8486635684967041,
    0.7755605578422546,
    0.8372602462768555,
    0.8030139207839966,
    0.8680088520050049,
    0.7982762455940247,
    0.8510702848434448,
    0.8790054321289062,
    0.8320151567459106,
    0.7974259853363037,
    0.8962548971176147,
    0.8011763691902161,
    0.8580313324928284,
    0.8464138507843018,
    0.7876421213150024,
    0.8498572707176208,
    0.8522241711616516,
    0.8443458676338196,
    0.8119684457778931,
    0.810584545135498
  ],
  "cross_scores": [
    -0.10013603419065475,
    0.35702648758888245,
    0.1171269416809082,
    0.05146146938204765,
    0.01756489835679531,
    -0.14031396806240082,
    0.039904408156871796,
    -0.04240427166223526,
    -0.0013883095234632492,
    0.0863000899553299,
    -0.08012647926807404,
    -0.05726408213376999,
    0.0627765953540802,
    0.013380050659179688,
    0.009170623496174812,
    0.024090170860290527,
    -0.08827513456344604,
    0.12257778644561768,
    0.3724357783794403,
    0.017740271985530853,
    -0.017345819622278214,
    0.01818859577178955,
    -0.07315829396247864,
    0.06876782327890396,
    0.025851458311080933,
    0.03148944675922394,
    -0.0015023741871118546,
    0.006352916359901428,
    -0.0467938669025898,
    -0.07044214010238647,
    -0.07218486070632935,
    0.0014402735978364944,
    -0.05374830588698387,
    -0.046351198107004166,
    -0.015094056725502014,
    0.4794829487800598,
    0.062197618186473846,
    0.05646716058254242,
    -0.022913258522748947,
    0.06169942766427994,
    -0.14259342849254608,
    -0.0008942484855651855,
    0.0161273330450058,
    0.03483109176158905,
    -0.0830533504486084,
    -0.0168059803545475,
    -0.04365526884794235,
    -0.06583356857299805,
    0.017915524542331696,
    -0.016385335475206375,
    0.060213856399059296,
    0.072782002389431,
    -0.13487061858177185,
    -0.022583328187465668,
    -0.12153837084770203,
    0.008918747305870056,
    -0.1551235169172287,
    0.16863422095775604,
    0.0017267344519495964,
    0.019676532596349716,
    0.02142767608165741,
    0.022106345742940903,
    -0.05646897852420807,
    -0.09666845202445984,
    -0.060451313853263855,
    -0.052278585731983185,
    -0.0415676012635231,
    0.009313791990280151,
    0.027068786323070526,
    -0.010954242199659348,
    -0.06752005219459534,
    0.0635603666305542,
    -0.03453834354877472,
    0.07331352680921555,
    -0.08746294677257538,
    0.012182757258415222,
    -0.0031149759888648987,
    0.07855752110481262,
    -0.024188488721847534,
    -0.10771726816892624,
    -0.11592310667037964,
    0.06860489398241043,
    0.09103243052959442,
    0.017483994364738464,
    -0.011964184232056141,
    -0.06173976510763168,
    -0.01412166841328144,
    0.050144702196121216,
    -0.0573241300880909,
    0.10792012512683868,
    0.039641086012125015,
    -0.04397984594106674,
    -0.0878908783197403,
    -0.07521998882293701,
    -0.09707285463809967,
    0.04525692015886307,
    0.045050106942653656,
    0.042137812823057175,
    0.016931720077991486,
    0.009088998660445213
  ]
}